marca,nombre_anuncio,edo_index,nota_edo
ai.com,ai.com Ad,910,El anuncio más efectivo de TODO el Super Bowl LX según EDO — 9.1x el engagement de la mediana. Contradice directamente su posición en el fondo de HarrisX.
Lay's,Free Chips QR,710,"Segundo anuncio de Lay's (oferta de chips gratis vía QR), no 'Last Harvest'. 7.1x de engagement."
Dunkin',Good Will Dunkin',500,Parodia de 'Good Will Hunting' con Ben Affleck y elenco de sitcoms clásicas. 5x de engagement.
Liquid Death,Liquid Death Ad,220,"2.2x de engagement, fuerte para una marca de bebida saludable."
Novo Nordisk,Wegovy GLP-1,370,Ganador de la categoría farmacéutica con 3.7x de engagement.
T-Mobile,Backstreet Boys,250,Número musical con Backstreet Boys. 2.5x de engagement.
Pringles,Pringleleo,180,1.8x de engagement — consistente con su fuerte desempeño en Gen Z.
Xfinity,Jurassic Park...Works,130,1.3x de engagement.
Lay's,Last Harvest,120,El ganador #1 de HarrisX (percepción) solo generó 1.2x en EDO (acción real) — la divergencia más notable entre ambos sistemas.
